Severity Tier,ANOVA p-value
High,3.9702858543674735e-20
Medium,8.311507901851222e-72
Low,2.790289372086538e-218
