Severity Tier,n (Q1 Low),n (Q4 High),mean (Q1 Low),mean (Q4 High),Mean Difference: Q1 - Q4 (seconds),Welch t-test p-value
High,22117,20012,475.38933851788215,445.5868978612832,29.80244065659895,2.538068623399266e-19
Medium,28797,32044,653.9982637080251,594.8127262514042,59.18553745662075,3.9076768699929756e-40
Low,40117,36766,990.8396191140912,850.6910460751782,140.14857303891313,2.7314058375038314e-102
