Severity Tier,n (Low Black ZIP),n (High Black ZIP),Mean Reasponse for Low Black ZIP (sec),Mean Response for High Black ZIP (sec),Mean Difference: High Black ZIP - Low Black ZIP (sec),Welch t-test p-value,Mann-Whitney p-value,Welch t-test p-value (FDR),Mann-Whitney p-value (FDR)
High,42358,44212,444.33910949525466,479.6402560390844,35.3011465438297,4.7429480983073e-56,1.5751960802231243e-121,4.7429480983073e-56,1.5751960802231243e-121
Medium,67175,57474,587.9584964644583,649.0473779448097,61.088881480351354,5.2702646881021594e-92,3.403515122546293e-167,7.905397032153237e-92,5.105272683819439e-167
Low,74571,77693,827.4038701371846,959.8199837823227,132.41611364513813,3.7405199424409973e-199,0.0,1.122155982732299e-198,0.0
