severity_tier,anova_p_value
High,3.9702858543674735e-20
Medium,8.311507901851222e-72
Low,2.79028937208654e-218
