severity_tier,n_Q1_low,n_Q4_high,mean_Q1_low,mean_Q4_high,mean_diff_Q1_minus_Q4_sec,welch_ttest_p_value
High,22117,20012,475.38933851788215,445.5868978612832,29.802440656598947,2.538068623399266e-19
Medium,28797,32044,653.9982637080251,594.8127262514043,59.18553745662075,3.9076768699929756e-40
Low,40117,36766,990.8396191140913,850.6910460751782,140.14857303891313,2.731405837503832e-102
