severity_tier,n_lowBlackZIP,n_highBlackZIP,mean_response_lowBlackZIP_sec,mean_response_highBlackZIP_sec,mean_difference_highBlack_minus_lowBlack_sec,welch_ttest_p_value,mannwhitney_p_value,welch_ttest_p_value_fdr,mannwhitney_p_value_fdr
High,42358,44212,444.3391094952547,479.6402560390844,35.3011465438297,4.742948098307301e-56,1.5751960802231247e-121,4.742948098307301e-56,1.5751960802231247e-121
Medium,67175,57474,587.9584964644584,649.0473779448098,61.08888148035135,5.2702646881021594e-92,3.403515122546294e-167,7.90539703215324e-92,5.105272683819441e-167
Low,74571,77693,827.4038701371846,959.8199837823228,132.41611364513813,3.7405199424409987e-199,0.0,1.1221559827322996e-198,0.0
